{"cameraMode":{"drawMode":0,"name":"Shaded","section":"Shading Mode"},"sceneLighting":true,"audioPlay":false,"sceneViewState":{"showFog":true,"showMaterialUpdate":true,"showSkybox":true,"showFlares":true,"showImageEffects":true,"showParticleSystems":true},"in2DMode":false,"pivot":{"x":-8.351703643798829,"y":-2.7041587829589845,"z":6.470995903015137},"rotation":{"x":-0.17038264870643617,"y":0.693740963935852,"z":-0.1744166761636734,"w":-0.6776958703994751},"size":3.6998324394226076,"orthographic":false}